Date,AAPL,CNFR,COST,FB,FMS,GAIA,GOOG,MSFT,RC,^DJI,^GSPC,^IXIC,^RUT
2019-10-01,56.147499084472656,3.7899999618530273,283.92999267578125,175.80999755859375,32.599998474121094,6.329999923706055,1205.0999755859375,137.07000732421875,15.779999732971191,26573.0390625,2940.25,7908.68017578125,1493.4300537109375
2019-10-02,54.7400016784668,3.7899999618530273,285.1099853515625,174.60000610351562,31.799999237060547,6.050000190734863,1176.6300048828125,134.64999389648438,15.640000343322754,26078.619140625,2887.610107421875,7785.25,1479.6300048828125
2019-10-03,55.20500183105469,3.6500000953674316,289.0,179.3800048828125,32.04999923706055,5.900000095367432,1187.8299560546875,136.27999877929688,15.640000343322754,26201.0390625,2910.6298828125,7872.259765625,1486.3499755859375
2019-10-04,56.752498626708984,3.6500000953674316,291.6700134277344,180.4499969482422,32.439998626708984,5.900000095367432,1209.0,138.1199951171875,15.6899995803833,26573.720703125,2952.010009765625,7982.47021484375,1500.699951171875
2019-10-07,56.76499938964844,3.680000066757202,293.4100036621094,179.67999267578125,32.279998779296875,5.820000171661377,1207.6800537109375,137.1199951171875,15.640000343322754,26478.01953125,2938.7900390625,7956.2900390625,1497.7900390625
2019-10-08,56.099998474121094,3.680000066757202,291.8900146484375,177.75,32.099998474121094,5.78000020980835,1189.1300048828125,135.6699981689453,15.539999961853027,26164.0390625,2893.06005859375,7823.77978515625,1472.5999755859375
2019-10-09,56.75749969482422,3.872999906539917,296.8999938964844,179.85000610351562,32.66999816894531,5.630000114440918,1202.31005859375,138.24000549316406,15.569999694824219,26346.009765625,2919.39990234375,7903.740234375,1479.4599609375
2019-10-10,57.522499084472656,3.872999906539917,297.1400146484375,180.02999877929688,32.59000015258789,5.639999866485596,1208.6700439453125,139.10000610351562,15.630000114440918,26496.669921875,2938.1298828125,7950.77978515625,1485.3599853515625
2019-10-11,59.0525016784668,3.872999906539917,297.6000061035156,184.19000244140625,33.16999816894531,5.820000171661377,1215.449951171875,139.67999267578125,15.8100004196167,26816.58984375,2970.27001953125,8057.0400390625,1511.9000244140625
2019-10-14,58.967498779296875,3.872999906539917,297.5199890136719,183.27999877929688,32.91999816894531,5.769999980926514,1217.1400146484375,139.5500030517578,15.760000228881836,26787.359375,2966.14990234375,8048.64990234375,1505.4300537109375
2019-10-15,58.83000183105469,3.680000066757202,298.3900146484375,188.88999938964844,33.68000030517578,5.889999866485596,1243.010009765625,141.57000732421875,15.819999694824219,27024.80078125,2995.679931640625,8148.7099609375,1523.300048828125
2019-10-16,58.592498779296875,3.747999906539917,298.7799987792969,189.5500030517578,33.869998931884766,5.989999771118164,1243.6400146484375,140.41000366210938,15.84000015258789,27001.98046875,2989.68994140625,8124.18017578125,1525.06005859375
2019-10-17,58.81999969482422,3.747999906539917,302.3999938964844,190.38999938964844,34.130001068115234,6.429999828338623,1253.0699462890625,139.69000244140625,16.059999465942383,27025.880859375,2997.949951171875,8156.85009765625,1541.8399658203125
2019-10-18,59.102500915527344,3.747999906539917,302.8599853515625,185.85000610351562,34.16999816894531,6.309999942779541,1245.489990234375,137.41000366210938,16.170000076293945,26770.19921875,2986.199951171875,8089.5400390625,1535.47998046875
2019-10-21,60.127498626708984,3.6700000762939453,301.0799865722656,189.75999450683594,34.2400016784668,6.400000095367432,1246.1500244140625,138.42999267578125,16.309999465942383,26827.640625,3006.719970703125,8162.990234375,1552.4100341796875
2019-10-22,59.9900016784668,3.6700000762939453,299.9700012207031,182.33999633789062,32.209999084472656,6.429999828338623,1242.800048828125,136.3699951171875,16.229999542236328,26788.099609375,2995.989990234375,8104.2998046875,1550.8699951171875
2019-10-23,60.79499816894531,3.6700000762939453,297.32000732421875,186.14999389648438,32.72999954223633,6.510000228881836,1259.1300048828125,137.24000549316406,16.420000076293945,26833.94921875,3004.52001953125,8119.7900390625,1552.8599853515625
2019-10-24,60.89500045776367,3.6700000762939453,297.04998779296875,186.3800048828125,32.77000045776367,6.409999847412109,1260.989990234375,139.94000244140625,16.31999969482422,26805.529296875,3010.2900390625,8185.7998046875,1548.489990234375
2019-10-25,61.64500045776367,3.6700000762939453,296.5,187.88999938964844,32.779998779296875,6.619999885559082,1265.1300048828125,140.72999572753906,16.209999084472656,26958.060546875,3022.550048828125,8243.1201171875,1558.7099609375
2019-10-28,62.26250076293945,3.6600000858306885,298.94000244140625,189.39999389648438,33.130001068115234,7.019999980926514,1290.0,144.19000244140625,16.170000076293945,27090.720703125,3039.419921875,8325.990234375,1571.9300537109375
2019-10-29,60.8224983215332,3.6600000858306885,295.8599853515625,189.30999755859375,34.689998626708984,7.090000152587891,1262.6199951171875,142.8300018310547,16.280000686645508,27071.4609375,3036.889892578125,8276.849609375,1577.0699462890625
2019-10-30,60.814998626708984,3.6600000858306885,299.8399963378906,188.25,36.029998779296875,7.050000190734863,1261.2900390625,144.61000061035156,16.270000457763672,27186.689453125,3046.77001953125,8303.98046875,1572.8499755859375
2019-10-31,62.189998626708984,3.5,297.1099853515625,191.64999389648438,36.06999969482422,6.929999828338623,1260.1099853515625,143.3699951171875,15.829999923706055,27046.23046875,3037.56005859375,8292.3603515625,1562.449951171875
2019-11-01,63.95500183105469,3.680000066757202,296.0899963378906,193.6199951171875,36.61000061035156,7.159999847412109,1273.739990234375,143.72000122070312,16.030000686645508,27347.359375,3066.909912109375,8386.400390625,1589.3299560546875
2019-11-04,64.375,3.680000066757202,296.82000732421875,194.72000122070312,37.029998779296875,7.340000152587891,1291.3699951171875,144.5500030517578,15.899999618530273,27462.109375,3078.27001953125,8433.2001953125,1597.4000244140625
2019-11-05,64.28250122070312,3.680000066757202,299.17999267578125,194.32000732421875,37.439998626708984,9.020000457763672,1292.030029296875,144.4600067138672,15.84000015258789,27492.630859375,3074.6201171875,8434.6796875,1599.6099853515625
2019-11-06,64.30999755859375,3.680000066757202,301.57000732421875,191.5500030517578,37.459999084472656,8.640000343322754,1291.800048828125,144.05999755859375,15.890000343322754,27492.560546875,3076.780029296875,8410.6298828125,1589.5400390625
2019-11-07,64.85749816894531,3.630000114440918,305.2099914550781,190.4199981689453,37.900001525878906,8.970000267028809,1308.8599853515625,144.25999450683594,16.1200008392334,27674.80078125,3085.179931640625,8434.51953125,1593.989990234375
2019-11-08,65.03500366210938,3.990000009536743,302.6199951171875,190.83999633789062,37.61000061035156,9.0,1311.3699951171875,145.9600067138672,15.859999656677246,27681.240234375,3093.080078125,8475.3095703125,1598.8599853515625
2019-11-11,65.55000305175781,4.5,300.8399963378906,189.61000061035156,37.0,9.010000228881836,1299.18994140625,146.11000061035156,15.850000381469727,27691.490234375,3087.010009765625,8464.2802734375,1594.77001953125
2019-11-12,65.48999786376953,4.260000228881836,300.5,194.47000122070312,36.54999923706055,9.050000190734863,1298.800048828125,147.07000732421875,15.859999656677246,27691.490234375,3091.840087890625,8486.08984375,1595.1199951171875
2019-11-13,66.11750030517578,3.950000047683716,302.8999938964844,193.19000244140625,36.13999938964844,9.119999885559082,1298.0,147.30999755859375,15.84000015258789,27783.58984375,3094.0400390625,8482.099609375,1589.1800537109375
2019-11-14,65.66000366210938,4.010000228881836,304.5899963378906,193.14999389648438,36.04999923706055,8.949999809265137,1311.4599609375,148.05999755859375,15.729999542236328,27781.9609375,3096.6298828125,8479.01953125,1588.7900390625
2019-11-15,66.44000244140625,4.0,303.6600036621094,195.10000610351562,36.5099983215332,9.029999732971191,1334.8699951171875,149.97000122070312,15.710000038146973,28004.890625,3120.4599609375,8540.830078125,1596.449951171875
2019-11-18,66.7750015258789,3.927000045776367,304.5400085449219,197.39999389648438,36.849998474121094,8.979999542236328,1320.699951171875,150.33999633789062,15.630000114440918,28036.220703125,3122.030029296875,8549.9404296875,1592.3399658203125
2019-11-19,66.57250213623047,3.819999933242798,302.239990234375,199.32000732421875,37.130001068115234,8.9399995803833,1315.4599609375,150.38999938964844,15.59000015258789,27934.01953125,3120.179931640625,8570.66015625,1598.2900390625
2019-11-20,65.79750061035156,3.8399999141693115,300.57000732421875,197.50999450683594,36.540000915527344,8.869999885559082,1303.050048828125,149.6199951171875,15.640000343322754,27821.08984375,3108.4599609375,8526.73046875,1591.6099853515625
2019-11-21,65.50250244140625,3.7049999237060547,300.2699890136719,197.92999267578125,36.599998474121094,8.8100004196167,1301.3499755859375,149.47999572753906,15.539999961853027,27766.2890625,3103.5400390625,8506.2099609375,1583.9599609375
2019-11-22,65.44499969482422,3.7200000286102295,299.30999755859375,198.82000732421875,36.7599983215332,8.6899995803833,1295.3399658203125,149.58999633789062,15.4399995803833,27875.619140625,3110.2900390625,8519.8798828125,1588.93994140625
2019-11-25,66.59249877929688,3.680000066757202,299.04998779296875,199.7899932861328,36.9900016784668,8.600000381469727,1306.68994140625,151.22999572753906,15.670000076293945,28066.470703125,3133.639892578125,8632.490234375,1621.9000244140625
2019-11-26,66.07250213623047,3.75,301.239990234375,198.97000122070312,36.810001373291016,8.430000305175781,1313.550048828125,152.02999877929688,15.529999732971191,28121.6796875,3140.52001953125,8647.9296875,1624.22998046875
2019-11-27,66.95999908447266,3.6659998893737793,300.760009765625,202.0,36.70000076293945,8.329999923706055,1312.989990234375,152.32000732421875,15.680000305175781,28164.0,3153.6298828125,8705.1796875,1634.0999755859375
2019-11-29,66.8125,3.700000047683716,299.80999755859375,201.63999938964844,36.630001068115234,8.369999885559082,1304.9599609375,151.3800048828125,15.770000457763672,28051.41015625,3140.97998046875,8665.4697265625,1624.5
2019-12-02,66.04000091552734,3.700000047683716,297.3900146484375,199.6999969482422,36.38999938964844,8.1899995803833,1289.9200439453125,149.5500030517578,15.720000267028809,27783.0390625,3113.8701171875,8567.990234375,1607.5799560546875
2019-12-03,64.86250305175781,3.7699999809265137,295.6700134277344,198.82000732421875,36.31999969482422,7.949999809265137,1295.280029296875,149.30999755859375,16.239999771118164,27502.810546875,3093.199951171875,8520.6396484375,1602.6300048828125
2019-12-04,65.43499755859375,3.9749999046325684,296.5199890136719,198.7100067138672,36.65999984741211,8.149999618530273,1320.5400390625,149.85000610351562,15.899999618530273,27649.779296875,3112.760009765625,8566.669921875,1613.9000244140625
2019-12-05,66.3949966430664,3.9749999046325684,293.1000061035156,199.36000061035156,36.58000183105469,8.4399995803833,1328.1300048828125,149.92999267578125,15.489999771118164,27677.7890625,3117.429931640625,8570.7001953125,1614.8299560546875
2019-12-06,67.67749786376953,3.859999895095825,294.95001220703125,201.0500030517578,35.66999816894531,8.430000305175781,1340.6199951171875,151.75,15.619999885559082,28015.060546875,3145.909912109375,8656.5302734375,1633.8399658203125
2019-12-09,66.7300033569336,3.8499999046325684,295.1600036621094,201.33999633789062,35.900001525878906,8.680000305175781,1343.56005859375,151.36000061035156,15.369999885559082,27909.599609375,3135.9599609375,8621.830078125,1629.6199951171875
2019-12-10,67.12000274658203,3.8499999046325684,295.7799987792969,200.8699951171875,36.5,8.739999771118164,1344.6600341796875,151.1300048828125,15.399999618530273,27881.720703125,3132.52001953125,8616.1796875,1631.7099609375
2019-12-11,67.69249725341797,3.9000000953674316,295.29998779296875,202.25999450683594,36.13999938964844,8.779999732971191,1345.02001953125,151.6999969482422,15.15999984741211,27911.30078125,3141.6298828125,8654.0498046875,1631.9300537109375
2019-12-12,67.86499786376953,3.859999895095825,297.3399963378906,196.75,36.400001525878906,8.640000343322754,1350.27001953125,153.24000549316406,15.229999542236328,28132.05078125,3168.570068359375,8717.3203125,1644.81005859375
2019-12-13,68.7874984741211,3.9000000953674316,291.8699951171875,194.11000061035156,36.720001220703125,8.630000114440918,1347.8299560546875,154.52999877929688,15.229999542236328,28135.380859375,3168.800048828125,8734.8798828125,1637.97998046875
2019-12-16,69.96499633789062,3.9600000381469727,293.5,197.9199981689453,36.7400016784668,8.630000114440918,1361.1700439453125,155.52999877929688,15.350000381469727,28235.890625,3191.449951171875,8814.23046875,1649.93994140625
2019-12-17,70.10250091552734,4.019999980926514,295.54998779296875,198.38999938964844,36.099998474121094,8.630000114440918,1355.1199951171875,154.69000244140625,15.479999542236328,28267.16015625,3192.52001953125,8823.3603515625,1657.56005859375
2019-12-18,69.93499755859375,4.139999866485596,291.8699951171875,202.5,35.72999954223633,8.520000457763672,1352.6199951171875,154.3699951171875,15.539999961853027,28239.279296875,3191.139892578125,8827.740234375,1661.72998046875
2019-12-19,70.00499725341797,4.150000095367432,293.7099914550781,206.05999755859375,36.13999938964844,8.609999656677246,1356.0400390625,155.7100067138672,15.479999542236328,28376.9609375,3205.3701171875,8887.2197265625,1667.0899658203125
2019-12-20,69.86000061035156,4.150000095367432,294.8299865722656,206.3000030517578,35.959999084472656,8.539999961853027,1349.5899658203125,157.41000366210938,15.489999771118164,28455.08984375,3221.219970703125,8924.9599609375,1671.9000244140625
2019-12-23,71.0,4.079999923706055,293.30999755859375,206.17999267578125,36.29999923706055,8.520000457763672,1348.8399658203125,157.41000366210938,15.550000190734863,28551.529296875,3224.010009765625,8945.650390625,1674.1400146484375
2019-12-24,71.06749725341797,4.110000133514404,294.2300109863281,205.1199951171875,37.790000915527344,8.5,1343.56005859375,157.3800048828125,15.699999809265137,28515.44921875,3223.3798828125,8952.8798828125,1678.010009765625
2019-12-26,72.47750091552734,4.119999885559082,295.7300109863281,207.7899932861328,37.779998779296875,8.510000228881836,1360.4000244140625,158.6699981689453,15.739999771118164,28621.390625,3239.909912109375,9022.3896484375,1677.6700439453125
2019-12-27,72.44999694824219,4.119999885559082,294.1099853515625,208.10000610351562,37.43000030517578,8.279999732971191,1351.8900146484375,158.9600067138672,15.760000228881836,28645.259765625,3240.02001953125,9006.6201171875,1669.030029296875
2019-12-30,72.87999725341797,4.0,295.1400146484375,204.41000366210938,36.70000076293945,8.289999961853027,1336.1400146484375,157.58999633789062,15.350000381469727,28462.140625,3221.2900390625,8945.990234375,1664.1500244140625
2019-12-31,73.4124984741211,4.0,293.9200134277344,205.25,36.83000183105469,7.989999771118164,1337.02001953125,157.6999969482422,15.420000076293945,28538.439453125,3230.780029296875,8972.599609375,1668.469970703125
2020-01-02,75.0875015258789,4.039999961853027,291.489990234375,209.77999877929688,37.02000045776367,7.900000095367432,1367.3699951171875,160.6199951171875,15.4399995803833,28868.80078125,3257.85009765625,9092.1904296875,1666.77001953125
2020-01-03,74.35749816894531,4.0,291.7300109863281,208.6699981689453,36.52000045776367,7.829999923706055,1360.6600341796875,158.6199951171875,15.350000381469727,28634.880859375,3234.85009765625,9020.76953125,1660.8699951171875
2020-01-06,74.94999694824219,4.004000186920166,291.80999755859375,212.60000610351562,36.56999969482422,7.840000152587891,1394.2099609375,159.02999877929688,15.260000228881836,28703.380859375,3246.280029296875,9071.4697265625,1663.260009765625
2020-01-07,74.59750366210938,4.03000020980835,291.3500061035156,213.05999755859375,36.22999954223633,8.039999961853027,1393.3399658203125,157.5800018310547,15.199999809265137,28583.6796875,3237.179931640625,9068.580078125,1658.31005859375
2020-01-08,75.79750061035156,4.03000020980835,294.69000244140625,215.22000122070312,36.459999084472656,8.140000343322754,1404.3199462890625,160.08999633789062,15.239999771118164,28745.08984375,3253.050048828125,9129.240234375,1663.5899658203125
2020-01-09,77.40750122070312,4.0,299.4200134277344,218.3000030517578,36.869998931884766,8.289999961853027,1419.8299560546875,162.08999633789062,15.289999961853027,28956.900390625,3274.699951171875,9203.4296875,1664.989990234375
2020-01-10,77.5824966430664,4.01800012588501,297.239990234375,218.05999755859375,36.779998779296875,8.09000015258789,1429.72998046875,161.33999633789062,15.390000343322754,28823.76953125,3265.35009765625,9178.8603515625,1657.6400146484375
2020-01-13,79.23999786376953,4.0,299.8699951171875,221.91000366210938,37.06999969482422,8.130000114440918,1439.22998046875,163.27999877929688,15.59000015258789,28907.05078125,3288.1298828125,9273.9296875,1669.6099853515625
2020-01-14,78.16999816894531,4.0,299.75,219.05999755859375,37.45000076293945,8.3100004196167,1430.8800048828125,162.1300048828125,15.630000114440918,28939.669921875,3283.14990234375,9251.330078125,1675.739990234375
2020-01-15,77.83499908447266,4.0,300.82000732421875,221.14999389648438,37.54999923706055,8.319999694824219,1439.199951171875,163.17999267578125,15.729999542236328,29030.220703125,3289.2900390625,9258.7001953125,1682.4000244140625
2020-01-16,78.80999755859375,3.9700000286102295,303.0299987792969,221.77000427246094,37.56999969482422,8.800000190734863,1451.699951171875,166.1699981689453,15.949999809265137,29297.640625,3316.81005859375,9357.1298828125,1705.219970703125
2020-01-17,79.68250274658203,3.990000009536743,304.67999267578125,222.13999938964844,37.599998474121094,8.510000228881836,1480.3900146484375,167.10000610351562,15.989999771118164,29348.099609375,3329.6201171875,9388.9404296875,1699.6400146484375
2020-01-21,79.14250183105469,4.090000152587891,313.260009765625,221.44000244140625,38.650001525878906,8.550000190734863,1484.4000244140625,166.5,15.880000114440918,29196.0390625,3320.7900390625,9370.8095703125,1685.9000244140625
2020-01-22,79.42500305175781,4.090000152587891,311.8900146484375,221.32000732421875,38.810001373291016,8.3100004196167,1485.949951171875,165.6999969482422,15.970000267028809,29186.26953125,3321.75,9383.76953125,1684.4599609375
2020-01-23,79.80750274658203,3.950000047683716,312.8800048828125,219.75999450683594,39.11000061035156,8.359999656677246,1486.6500244140625,166.72000122070312,16.040000915527344,29160.08984375,3325.5400390625,9402.48046875,1685.010009765625
2020-01-24,79.57749938964844,3.990000009536743,310.510009765625,217.94000244140625,39.470001220703125,8.470000267028809,1466.7099609375,165.0399932861328,15.819999694824219,28989.73046875,3295.469970703125,9314.91015625,1662.22998046875
2020-01-27,77.23750305175781,3.9000000953674316,309.45001220703125,214.8699951171875,38.63999938964844,8.430000305175781,1433.9000244140625,162.27999877929688,15.859999656677246,28535.80078125,3243.6298828125,9139.3095703125,1644.1400146484375
2020-01-28,79.42250061035156,3.9000000953674316,310.8500061035156,217.7899932861328,39.369998931884766,8.539999961853027,1452.56005859375,165.4600067138672,16.3799991607666,28722.849609375,3276.239990234375,9269.6796875,1658.31005859375
2020-01-29,81.08499908447266,3.9000000953674316,309.5799865722656,223.22999572753906,39.72999954223633,8.510000228881836,1458.6300048828125,168.0399932861328,16.600000381469727,28734.44921875,3273.39990234375,9275.16015625,1649.219970703125
2020-01-30,80.96749877929688,3.799999952316284,309.4700012207031,209.52999877929688,39.22999954223633,8.819999694824219,1455.8399658203125,172.77999877929688,16.510000228881836,28859.439453125,3283.659912109375,9298.9296875,1648.219970703125
2020-01-31,77.37750244140625,3.819999933242798,305.5199890136719,201.91000366210938,38.369998931884766,8.460000038146973,1434.22998046875,170.22999572753906,16.31999969482422,28256.029296875,3225.52001953125,9150.9404296875,1614.06005859375
2020-02-03,77.16500091552734,3.9800000190734863,302.0,204.19000244140625,38.439998626708984,8.890000343322754,1485.93994140625,174.3800048828125,16.549999237060547,28399.810546875,3248.919921875,9273.400390625,1632.2099609375
2020-02-04,79.7125015258789,3.9000000953674316,304.8999938964844,209.8300018310547,39.20000076293945,9.029999732971191,1447.0699462890625,180.1199951171875,16.559999465942383,28807.630859375,3297.590087890625,9467.9697265625,1656.77001953125
2020-02-05,80.36250305175781,3.9000000953674316,308.95001220703125,210.11000061035156,39.95000076293945,9.670000076293945,1448.22998046875,179.89999389648438,16.559999465942383,29290.849609375,3334.68994140625,9508.6796875,1681.9200439453125
2020-02-06,81.30249786376953,3.9000000953674316,310.6099853515625,210.85000610351562,40.16999816894531,9.6899995803833,1476.22998046875,183.6300048828125,16.530000686645508,29379.76953125,3345.780029296875,9572.150390625,1677.4599609375
2020-02-07,80.00749969482422,3.8489999771118164,313.6300048828125,212.3300018310547,39.459999084472656,9.380000114440918,1479.22998046875,183.88999938964844,16.3799991607666,29102.509765625,3327.7099609375,9520.509765625,1656.780029296875
2020-02-10,80.38749694824219,3.8489999771118164,313.7900085449219,213.05999755859375,39.72999954223633,9.350000381469727,1508.6800537109375,188.6999969482422,16.309999465942383,29276.8203125,3352.090087890625,9628.3896484375,1667.6700439453125
2020-02-11,79.90249633789062,3.8559999465942383,310.67999267578125,207.19000244140625,40.38999938964844,9.369999885559082,1508.7900390625,184.44000244140625,16.299999237060547,29276.33984375,3357.75,9638.9404296875,1677.510009765625
2020-02-12,81.80000305175781,3.8559999465942383,315.1199951171875,210.75999450683594,40.189998626708984,9.3100004196167,1518.27001953125,184.7100067138672,16.489999771118164,29551.419921875,3379.449951171875,9725.9599609375,1689.3800048828125
2020-02-13,81.21749877929688,3.8559999465942383,318.20001220703125,213.13999938964844,39.95000076293945,9.319999694824219,1514.6600341796875,183.7100067138672,16.360000610351562,29423.310546875,3373.93994140625,9711.9697265625,1693.739990234375
2020-02-14,81.23750305175781,3.809999942779541,318.30999755859375,214.17999267578125,40.36000061035156,9.289999961853027,1520.739990234375,185.35000610351562,16.479999542236328,29398.080078125,3380.159912109375,9731.1796875,1687.5799560546875
2020-02-18,79.75,3.809999942779541,322.04998779296875,217.8000030517578,39.88999938964844,9.329999923706055,1519.6700439453125,187.22999572753906,16.690000534057617,29232.189453125,3370.2900390625,9732.740234375,1683.52001953125
2020-02-19,80.90499877929688,3.809999942779541,323.0199890136719,217.49000549316406,40.900001525878906,9.399999618530273,1526.68994140625,187.27999877929688,16.809999465942383,29348.029296875,3386.14990234375,9817.1796875,1692.5699462890625
2020-02-20,80.07499694824219,3.809999942779541,324.0799865722656,214.5800018310547,42.02000045776367,10.210000038146973,1518.1500244140625,184.4199981689453,16.860000610351562,29219.98046875,3373.22998046875,9750.9697265625,1696.0699462890625
2020-02-21,78.26249694824219,3.799999952316284,321.95001220703125,210.17999267578125,41.0099983215332,10.020000457763672,1485.1099853515625,178.58999633789062,16.350000381469727,28992.41015625,3337.75,9576.58984375,1678.6099853515625
2020-02-24,74.54499816894531,3.2200000286102295,313.6199951171875,200.72000122070312,39.720001220703125,10.270000457763672,1421.5899658203125,170.88999938964844,16.059999465942383,27960.80078125,3225.889892578125,9221.2802734375,1628.0999755859375
2020-02-25,72.0199966430664,3.450000047683716,304.8699951171875,196.77000427246094,39.16999816894531,9.40999984741211,1388.449951171875,168.07000732421875,15.399999618530273,27081.359375,3128.2099609375,8965.6103515625,1571.9000244140625
2020-02-26,73.1624984741211,3.299999952316284,305.69000244140625,197.1999969482422,38.84000015258789,8.90999984741211,1393.1800537109375,170.1699981689453,15.239999771118164,26957.58984375,3116.389892578125,8980.7802734375,1552.760009765625
2020-02-27,68.37999725341797,3.25,293.1300048828125,189.75,38.459999084472656,8.260000228881836,1318.0899658203125,158.17999267578125,14.640000343322754,25766.640625,2978.760009765625,8566.48046875,1497.8699951171875
2020-02-28,68.33999633789062,3.5999999046325684,281.1400146484375,192.47000122070312,38.34000015258789,8.430000305175781,1339.3299560546875,162.00999450683594,14.5,25409.359375,2954.219970703125,8567.3701171875,1476.4300537109375
2020-03-02,74.70249938964844,3.5799999237060547,309.1400146484375,196.44000244140625,40.099998474121094,8.720000267028809,1389.1099853515625,172.7899932861328,15.010000228881836,26703.3203125,3090.22998046875,8952.169921875,1518.489990234375
2020-03-03,72.33000183105469,3.5799999237060547,302.7300109863281,185.88999938964844,38.810001373291016,7.900000095367432,1341.3900146484375,164.50999450683594,14.770000457763672,25917.41015625,3003.3701171875,8684.08984375,1486.0799560546875
2020-03-04,75.68499755859375,3.5,320.739990234375,191.75999450683594,39.75,7.610000133514404,1386.52001953125,170.5500030517578,15.15999984741211,27090.859375,3130.1201171875,9018.08984375,1531.199951171875
2020-03-05,73.2300033569336,3.5,315.760009765625,185.1699981689453,38.97999954223633,7.340000152587891,1319.0400390625,166.27000427246094,14.859999656677246,26121.279296875,3023.93994140625,8738.58984375,1478.8199462890625
2020-03-06,72.25749969482422,3.380000114440918,311.3399963378906,181.08999633789062,39.16999816894531,7.340000152587891,1298.4100341796875,161.57000732421875,14.449999809265137,25864.779296875,2972.3701171875,8575.6201171875,1449.219970703125
2020-03-09,66.5425033569336,3.130000114440918,301.9800109863281,169.5,37.15999984741211,7.019999980926514,1215.56005859375,150.6199951171875,12.8100004196167,23851.01953125,2746.56005859375,7950.68017578125,1313.43994140625
2020-03-10,71.33499908447266,3.130000114440918,309.3999938964844,178.19000244140625,37.880001068115234,6.619999885559082,1280.3900146484375,160.9199981689453,12.760000228881836,25018.16015625,2882.22998046875,8344.25,1350.9000244140625
2020-03-11,68.85749816894531,3.069000005722046,297.42999267578125,170.24000549316406,35.43000030517578,6.159999847412109,1215.4100341796875,153.6300048828125,11.670000076293945,23553.220703125,2741.3798828125,7952.0498046875,1264.300048828125
2020-03-12,62.057498931884766,2.950000047683716,279.8500061035156,154.47000122070312,32.61000061035156,5.599999904632568,1114.9100341796875,139.05999755859375,10.369999885559082,21200.619140625,2480.639892578125,7201.7998046875,1122.9300537109375
2020-03-13,69.49250030517578,2.9000000953674316,302.2699890136719,170.27999877929688,34.18000030517578,5.550000190734863,1219.72998046875,158.8300018310547,10.739999771118164,23185.619140625,2711.02001953125,7874.8798828125,1210.1300048828125
2020-03-16,60.5525016784668,2.9000000953674316,283.17999267578125,146.00999450683594,31.40999984741211,4.849999904632568,1084.3299560546875,135.4199981689453,8.329999923706055,20188.51953125,2386.1298828125,6904.58984375,1037.4200439453125
2020-03-17,63.21500015258789,2.9000000953674316,306.989990234375,149.4199981689453,33.900001525878906,5.349999904632568,1119.800048828125,146.57000732421875,7.360000133514404,21237.380859375,2529.18994140625,7334.77978515625,1106.510009765625
2020-03-18,61.66749954223633,2.430000066757202,307.5,146.9600067138672,32.709999084472656,5.159999847412109,1096.800048828125,140.39999389648438,5.860000133514404,19898.919921875,2398.10009765625,6989.83984375,991.1599731445312
2020-03-19,61.19499969482422,2.3529999256134033,305.2200012207031,153.1300048828125,31.229999542236328,6.349999904632568,1115.2900390625,142.7100067138672,5.71999979019165,20087.189453125,2409.389892578125,7150.580078125,1058.75
2020-03-20,57.310001373291016,2.565999984741211,290.4200134277344,149.72999572753906,29.209999084472656,6.440000057220459,1072.3199462890625,137.35000610351562,6.119999885559082,19173.98046875,2304.919921875,6879.52001953125,1013.8900146484375
2020-03-23,56.092498779296875,2.565999984741211,285.5299987792969,148.10000610351562,30.06999969482422,6.360000133514404,1056.6199951171875,135.97999572753906,4.710000038146973,18591.9296875,2237.39990234375,6860.669921875,1002.4000244140625
2020-03-24,61.720001220703125,2.5,284.94000244140625,160.97999572753906,30.209999084472656,6.900000095367432,1134.4599609375,148.33999633789062,3.990000009536743,20704.91015625,2447.330078125,7417.85986328125,1096.5400390625
2020-03-25,61.380001068115234,2.7200000286102295,280.8599853515625,156.2100067138672,30.6200008392334,6.960000038146973,1102.489990234375,146.9199981689453,4.900000095367432,21200.55078125,2475.56005859375,7384.2998046875,1110.3699951171875
2020-03-26,64.61000061035156,2.9200000762939453,292.29998779296875,163.33999633789062,32.060001373291016,8.109999656677246,1161.75,156.11000061035156,7.900000095367432,22552.169921875,2630.070068359375,7797.5400390625,1180.3199462890625
2020-03-27,61.935001373291016,3.0,284.3299865722656,156.7899932861328,32.15999984741211,8.029999732971191,1110.7099609375,149.6999969482422,7.650000095367432,21636.779296875,2541.469970703125,7502.3798828125,1131.989990234375
2020-03-30,63.70249938964844,3.0,291.1199951171875,165.9499969482422,32.650001525878906,9.15999984741211,1146.8199462890625,160.22999572753906,6.760000228881836,22327.48046875,2626.64990234375,7774.14990234375,1158.3199462890625
2020-03-31,63.5724983215332,3.0,285.1300048828125,166.8000030517578,32.79999923706055,8.880000114440918,1162.81005859375,157.7100067138672,7.21999979019165,21917.16015625,2584.590087890625,7700.10009765625,1153.0999755859375
2020-04-01,60.227500915527344,3.5,286.7799987792969,159.60000610351562,32.470001220703125,8.470000267028809,1105.6199951171875,152.11000061035156,5.599999904632568,20943.509765625,2470.5,7360.580078125,1071.989990234375
2020-04-02,61.23249816894531,3.5,291.4800109863281,158.19000244140625,32.33000183105469,9.729999542236328,1120.8399658203125,155.25999450683594,4.949999809265137,21413.439453125,2526.89990234375,7487.31005859375,1085.81005859375
2020-04-03,60.352500915527344,3.5,288.6499938964844,154.17999267578125,32.27000045776367,8.630000114440918,1097.8800048828125,153.8300018310547,4.210000038146973,21052.529296875,2488.64990234375,7373.080078125,1052.050048828125
2020-04-06,65.61750030517578,3.549999952316284,305.1199951171875,165.5500030517578,33.58000183105469,9.069999694824219,1186.9200439453125,165.27000427246094,4.690000057220459,22679.990234375,2663.679931640625,7913.240234375,1138.780029296875
2020-04-07,64.85749816894531,3.549999952316284,303.6300048828125,168.8300018310547,33.81999969482422,8.399999618530273,1186.510009765625,163.49000549316406,4.800000190734863,22653.859375,2659.409912109375,7887.259765625,1139.1700439453125
2020-04-08,66.51750183105469,3.640000104904175,305.9700012207031,174.27999877929688,34.2599983215332,8.5600004196167,1210.280029296875,165.1300048828125,5.409999847412109,23433.5703125,2749.97998046875,8090.89990234375,1191.6600341796875
2020-04-09,66.99749755859375,3.640000104904175,300.010009765625,175.19000244140625,34.720001220703125,9.399999618530273,1211.449951171875,165.13999938964844,6.679999828338623,23719.369140625,2789.820068359375,8153.580078125,1246.72998046875
2020-04-13,68.3125,3.609999895095825,299.6199951171875,174.7899932861328,34.75,9.579999923706055,1217.56005859375,165.50999450683594,6.619999885559082,23390.76953125,2761.6298828125,8192.419921875,1212.0400390625
2020-04-14,71.76249694824219,3.5999999046325684,314.1400146484375,178.1699981689453,35.31999969482422,9.670000076293945,1269.22998046875,173.6999969482422,6.539999961853027,23949.759765625,2846.06005859375,8515.740234375,1237.3299560546875
2020-04-15,71.10749816894531,3.309999942779541,310.2699890136719,176.97000122070312,34.150001525878906,9.489999771118164,1262.469970703125,171.8800048828125,6.349999904632568,23504.349609375,2783.360107421875,8393.1796875,1183.97998046875
2020-04-16,71.67250061035156,3.309999942779541,321.55999755859375,176.25,35.060001373291016,9.510000228881836,1263.469970703125,177.0399932861328,5.71999979019165,23537.6796875,2799.550048828125,8532.3603515625,1178.0899658203125
2020-04-17,70.69999694824219,3.309999942779541,317.9200134277344,179.24000549316406,35.5,9.5600004196167,1283.25,178.60000610351562,6.820000171661377,24242.490234375,2874.56005859375,8650.1396484375,1229.0999755859375
2020-04-20,69.23249816894531,3.309999942779541,312.0799865722656,178.24000549316406,36.43000030517578,8.899999618530273,1266.6099853515625,175.05999755859375,6.119999885559082,23650.439453125,2823.159912109375,8560.73046875,1213.3499755859375
2020-04-21,67.09249877929688,3.7200000286102295,301.3299865722656,170.8000030517578,36.13999938964844,9.600000381469727,1216.3399658203125,167.82000732421875,6.210000038146973,23018.880859375,2736.56005859375,8263.23046875,1185.0899658203125
2020-04-22,69.0250015258789,3.700000047683716,309.4200134277344,182.27999877929688,36.7400016784668,9.0,1263.2099609375,173.52000427246094,6.010000228881836,23475.8203125,2799.31005859375,8495.3798828125,1201.52001953125
2020-04-23,68.75749969482422,3.7200000286102295,305.3999938964844,185.1300048828125,37.189998626708984,8.989999771118164,1276.31005859375,171.4199981689453,6.010000228881836,23515.259765625,2797.800048828125,8494.75,1214.06005859375
2020-04-24,70.74250030517578,3.5999999046325684,310.54998779296875,190.07000732421875,37.880001068115234,9.609999656677246,1279.31005859375,174.5500030517578,5.920000076293945,23775.26953125,2836.739990234375,8634.51953125,1233.050048828125
2020-04-27,70.7925033569336,3.5999999046325684,308.7799987792969,187.5,39.06999969482422,10.15999984741211,1275.8800048828125,174.0500030517578,6.059999942779541,24133.779296875,2878.47998046875,8730.16015625,1281.8800048828125
2020-04-28,69.6449966430664,3.7699999809265137,304.95001220703125,182.91000366210938,38.41999816894531,8.819999694824219,1233.6700439453125,169.80999755859375,6.860000133514404,24101.55078125,2863.389892578125,8607.73046875,1298.0799560546875
2020-04-29,71.93250274658203,3.7699999809265137,307.0899963378906,194.19000244140625,39.060001373291016,9.0,1341.47998046875,177.42999267578125,7.800000190734863,24633.859375,2939.510009765625,8914.7099609375,1360.760009765625
2020-04-30,73.44999694824219,3.359999895095825,303.0,204.7100067138672,39.060001373291016,9.09000015258789,1348.6600341796875,179.2100067138672,6.670000076293945,24345.720703125,2912.429931640625,8889.5498046875,1310.6600341796875
2020-05-01,72.26750183105469,3.359999895095825,301.9200134277344,202.27000427246094,38.439998626708984,8.850000381469727,1320.6099853515625,174.57000732421875,6.570000171661377,23723.689453125,2830.7099609375,8604.9501953125,1260.47998046875
2020-05-04,73.29000091552734,3.359999895095825,304.489990234375,205.25999450683594,38.11000061035156,9.260000228881836,1326.800048828125,178.83999633789062,6.179999828338623,23749.759765625,2842.739990234375,8710.7099609375,1263.969970703125
2020-05-05,74.38999938964844,3.319999933242798,307.9200134277344,207.07000732421875,38.70000076293945,9.220000267028809,1351.1099853515625,180.75999450683594,5.960000038146973,23883.08984375,2868.43994140625,8809.1201171875,1273.510009765625
2020-05-06,75.15750122070312,3.359999895095825,308.8900146484375,208.47000122070312,38.90999984741211,8.859999656677246,1347.300048828125,182.5399932861328,5.539999961853027,23664.640625,2848.419921875,8854.3896484375,1263.010009765625
2020-05-07,75.93499755859375,3.359999895095825,305.0,211.25999450683594,38.290000915527344,8.9399995803833,1372.56005859375,183.60000610351562,6.079999923706055,23875.890625,2881.18994140625,8979.66015625,1282.9300537109375
2020-05-08,77.53250122070312,3.427000045776367,305.94000244140625,212.35000610351562,38.9900016784668,8.829999923706055,1388.3699951171875,184.67999267578125,6.110000133514404,24331.3203125,2929.800048828125,9121.3203125,1329.6400146484375
2020-05-11,78.75250244140625,3.25,310.3299865722656,213.17999267578125,39.810001373291016,8.479999542236328,1403.260009765625,186.74000549316406,5.730000019073486,24221.990234375,2930.18994140625,9192.33984375,1321.239990234375
2020-05-12,77.85250091552734,3.25,304.8399963378906,210.10000610351562,39.040000915527344,8.470000267028809,1375.739990234375,182.50999450683594,5.429999828338623,23764.779296875,2870.1201171875,9002.5498046875,1275.5400390625
2020-05-13,76.9124984741211,3.0,302.1400146484375,205.10000610351562,39.130001068115234,8.75,1349.3299560546875,179.75,4.800000190734863,23247.970703125,2820.0,8863.169921875,1233.25
2020-05-14,77.38500213623047,3.0,299.739990234375,206.80999755859375,39.54999923706055,8.600000381469727,1356.1300048828125,180.52999877929688,5.239999771118164,23625.33984375,2852.5,8943.7197265625,1237.550048828125
2020-05-15,76.92749786376953,2.740000009536743,299.2099914550781,210.8800048828125,39.290000915527344,8.970000267028809,1373.18994140625,183.16000366210938,5.369999885559082,23685.419921875,2863.699951171875,9014.5595703125,1256.989990234375
2020-05-18,78.73999786376953,2.6500000953674316,302.760009765625,213.19000244140625,40.09000015258789,8.729999542236328,1383.93994140625,184.91000366210938,5.699999809265137,24597.369140625,2953.909912109375,9234.830078125,1333.68994140625
2020-05-19,78.28500366210938,2.674999952316284,304.6300048828125,216.8800048828125,39.72999954223633,8.380000114440918,1373.4849853515625,183.6300048828125,5.71999979019165,24206.859375,2922.93994140625,9185.099609375,1307.719970703125
2020-05-20,79.80750274658203,3.0,304.9100036621094,229.97000122070312,40.9900016784668,8.460000038146973,1406.719970703125,185.66000366210938,6.010000228881836,24575.900390625,2971.610107421875,9375.7802734375,1346.9300537109375
2020-05-21,79.2125015258789,2.7300000190734863,301.9700012207031,231.38999938964844,40.54999923706055,8.470000267028809,1402.800048828125,183.42999267578125,6.019999980926514,24474.119140625,2948.510009765625,9284.8798828125,1347.56005859375
2020-05-22,79.72250366210938,2.7200000286102295,302.42999267578125,234.91000366210938,40.7400016784668,8.380000114440918,1410.4200439453125,183.50999450683594,6.139999866485596,24465.16015625,2955.449951171875,9324.58984375,1355.530029296875
2020-05-26,79.18250274658203,2.7300000190734863,304.79998779296875,232.1999969482422,40.91999816894531,8.140000343322754,1417.02001953125,181.57000732421875,6.440000057220459,24995.109375,2991.77001953125,9340.2197265625,1393.0699462890625
2020-05-27,79.52749633789062,2.609999895095825,306.010009765625,229.13999938964844,40.52000045776367,8.010000228881836,1417.8399658203125,181.80999755859375,6.170000076293945,25548.26953125,3036.1298828125,9412.3603515625,1436.3599853515625
2020-05-28,79.5625,2.5999999046325684,309.55999755859375,225.4600067138672,41.560001373291016,7.840000152587891,1416.72998046875,181.39999389648438,6.170000076293945,25400.640625,3029.72998046875,9368.990234375,1400.6700439453125
2020-05-29,79.48500061035156,2.5199999809265137,308.4700012207031,225.08999633789062,42.20000076293945,7.829999923706055,1428.9200439453125,183.25,5.869999885559082,25383.109375,3044.31005859375,9489.8701171875,1394.0400390625
2020-06-01,80.4625015258789,2.5199999809265137,308.2900085449219,231.91000366210938,42.599998474121094,7.659999847412109,1431.8199462890625,182.8300018310547,6.420000076293945,25475.01953125,3055.72998046875,9552.0498046875,1405.3699951171875
2020-06-02,80.83499908447266,2.5199999809265137,307.0899963378906,232.72000122070312,43.33000183105469,7.460000038146973,1439.219970703125,184.91000366210938,6.829999923706055,25742.650390625,3080.820068359375,9608.3798828125,1418.2099609375
2020-06-03,81.27999877929688,2.640000104904175,306.6400146484375,230.16000366210938,43.34000015258789,7.670000076293945,1436.3800048828125,185.36000061035156,7.639999866485596,26269.890625,3122.8701171875,9682.91015625,1452.0899658203125
2020-06-04,80.58000183105469,2.640000104904175,310.75,226.2899932861328,43.27000045776367,7.75,1412.1800537109375,182.9199981689453,8.239999771118164,26281.8203125,3112.35009765625,9615.8095703125,1452.06005859375
2020-06-05,82.875,2.640000104904175,312.0400085449219,230.77000427246094,43.970001220703125,8.010000228881836,1438.3900146484375,187.1999969482422,8.539999961853027,27110.98046875,3193.929931640625,9814.080078125,1507.1500244140625
2020-06-08,83.36499786376953,2.5,307.19000244140625,231.39999389648438,43.720001220703125,8.199999809265137,1446.6099853515625,188.36000061035156,10.079999923706055,27572.439453125,3232.389892578125,9924.75,1536.8900146484375
2020-06-09,85.99749755859375,2.559999942779541,305.54998779296875,238.6699981689453,43.45000076293945,9.449999809265137,1456.1600341796875,189.8000030517578,8.850000381469727,27272.30078125,3207.179931640625,9953.75,1507.050048828125
2020-06-10,88.20999908447266,2.7699999809265137,307.3299865722656,236.72999572753906,43.650001525878906,9.210000038146973,1465.8499755859375,196.83999633789062,8.600000381469727,26989.990234375,3190.139892578125,10020.349609375,1467.3900146484375
2020-06-11,83.9749984741211,2.552999973297119,300.8299865722656,224.42999267578125,41.84000015258789,8.640000343322754,1403.8399658203125,186.27000427246094,7.519999980926514,25128.169921875,3002.10009765625,9492.73046875,1356.219970703125
2020-06-12,84.69999694824219,2.5,298.70001220703125,228.5800018310547,41.939998626708984,8.640000343322754,1413.1800537109375,187.74000549316406,8.380000114440918,25605.5390625,3041.31005859375,9588.8095703125,1387.6800537109375
2020-06-15,85.74749755859375,2.700000047683716,297.17999267578125,232.5,42.029998779296875,8.640000343322754,1419.8499755859375,188.94000244140625,8.010000228881836,25763.16015625,3066.590087890625,9726.01953125,1419.6099853515625
2020-06-16,88.0199966430664,2.8499999046325684,301.3599853515625,235.64999389648438,42.779998779296875,8.479999542236328,1442.719970703125,193.57000732421875,8.890000343322754,26289.98046875,3124.739990234375,9895.8701171875,1452.260009765625
2020-06-17,87.89749908447266,2.890000104904175,299.6099853515625,235.52999877929688,42.9900016784668,8.350000381469727,1451.1199951171875,194.24000549316406,8.890000343322754,26119.609375,3113.489990234375,9910.5302734375,1426.530029296875
2020-06-18,87.93250274658203,2.759999990463257,299.57000732421875,235.94000244140625,42.83000183105469,8.199999809265137,1435.9599609375,196.32000732421875,8.6899995803833,26080.099609375,3115.340087890625,9943.0498046875,1427.3299560546875
2020-06-19,87.43000030517578,3.1700000762939453,299.8999938964844,238.7899932861328,42.33000183105469,8.069999694824219,1431.719970703125,195.14999389648438,8.630000114440918,25871.4609375,3097.739990234375,9946.1201171875,1418.6300048828125
2020-06-22,89.71749877929688,2.799999952316284,300.45001220703125,239.22000122070312,42.900001525878906,8.170000076293945,1451.8599853515625,200.57000732421875,8.520000457763672,26024.9609375,3117.860107421875,10056.48046875,1433.530029296875
2020-06-23,91.63249969482422,2.7899999618530273,301.2900085449219,242.24000549316406,43.52000045776367,8.479999542236328,1464.4100341796875,201.91000366210938,8.829999923706055,26156.099609375,3131.2900390625,10131.3701171875,1439.3399658203125
2020-06-24,90.01499938964844,2.9000000953674316,298.0199890136719,234.02000427246094,42.70000076293945,8.470000267028809,1431.969970703125,197.83999633789062,8.550000190734863,25445.939453125,3050.330078125,9909.169921875,1389.739990234375
2020-06-25,91.20999908447266,2.9800000190734863,300.5299987792969,235.67999267578125,43.63999938964844,8.399999618530273,1441.3299560546875,200.33999633789062,8.779999732971191,25745.599609375,3083.760009765625,10017.0,1413.31005859375
2020-06-26,88.40750122070312,2.5899999141693115,296.55999755859375,216.0800018310547,42.709999084472656,7.820000171661377,1359.9000244140625,196.3300018310547,8.520000457763672,25015.55078125,3009.050048828125,9757.2197265625,1378.780029296875
2020-06-29,90.44499969482422,2.5,301.5899963378906,220.63999938964844,42.869998931884766,8.289999961853027,1394.969970703125,198.44000244140625,8.789999961853027,25595.80078125,3053.239990234375,9874.150390625,1421.2099609375
2020-06-30,91.19999694824219,2.7279999256134033,303.2099914550781,227.07000732421875,43.279998779296875,8.380000114440918,1413.6099853515625,203.50999450683594,8.6899995803833,25812.880859375,3100.2900390625,10058.76953125,1441.3699951171875
2020-07-01,91.02749633789062,2.5940001010894775,304.75,237.5500030517578,43.810001373291016,8.550000190734863,1438.0400390625,204.6999969482422,8.619999885559082,25734.970703125,3115.860107421875,10154.6298828125,1427.31005859375
2020-07-02,91.02749633789062,2.5940001010894775,305.739990234375,233.4199981689453,44.279998779296875,8.960000038146973,1464.699951171875,206.25999450683594,8.319999694824219,25827.359375,3130.010009765625,10207.6298828125,1431.8599853515625
2020-07-06,93.4625015258789,2.4200000762939453,311.489990234375,240.27999877929688,44.15999984741211,8.949999809265137,1495.699951171875,210.6999969482422,8.550000190734863,26287.029296875,3179.719970703125,10433.650390625,1442.8800048828125
2020-07-07,93.17250061035156,2.4600000381469727,316.2300109863281,240.86000061035156,43.650001525878906,8.579999923706055,1485.1800537109375,208.25,8.050000190734863,25890.1796875,3145.320068359375,10343.8896484375,1416.0
2020-07-08,95.34249877929688,2.4600000381469727,316.32000732421875,243.5800018310547,43.08000183105469,8.369999885559082,1496.0,212.8300018310547,8.039999961853027,26067.279296875,3169.93994140625,10492.5,1427.4000244140625
2020-07-09,95.75250244140625,2.4600000381469727,325.5400085449219,244.5,42.36000061035156,8.380000114440918,1510.989990234375,214.32000732421875,7.699999809265137,25706.08984375,3152.050048828125,10547.75,1398.9200439453125
2020-07-10,95.91999816894531,2.630000114440918,326.2300109863281,245.07000732421875,42.4900016784668,8.710000038146973,1541.739990234375,213.6699981689453,8.020000457763672,26075.30078125,3185.0400390625,10617.4404296875,1422.6800537109375
2020-07-13,95.47750091552734,2.2100000381469727,322.9200134277344,239.0,41.63999938964844,8.649999618530273,1511.3399658203125,207.07000732421875,7.909999847412109,26085.80078125,3155.219970703125,10390.83984375,1403.5699462890625
2020-07-14,97.05750274658203,2.3499999046325684,328.0,239.72999572753906,42.15999984741211,9.0600004196167,1520.5799560546875,208.35000610351562,7.960000038146973,26642.58984375,3197.52001953125,10488.580078125,1428.260009765625
2020-07-15,97.7249984741211,2.3499999046325684,326.70001220703125,240.27999877929688,42.59000015258789,9.0,1513.6400146484375,208.0399932861328,8.430000305175781,26870.099609375,3226.56005859375,10550.490234375,1478.27001953125
2020-07-16,96.52249908447266,2.4549999237060547,326.2699890136719,240.92999267578125,42.77000045776367,8.970000267028809,1518.0,203.9199981689453,8.199999809265137,26734.7109375,3215.570068359375,10473.830078125,1467.56005859375
2020-07-17,96.32749938964844,2.434999942779541,324.7900085449219,242.02999877929688,43.77000045776367,9.069999694824219,1515.550048828125,202.8800048828125,8.140000343322754,26671.94921875,3224.72998046875,10503.1904296875,1473.3199462890625
2020-07-20,98.35749816894531,2.434999942779541,326.510009765625,245.4199981689453,44.099998474121094,9.050000190734863,1565.719970703125,211.60000610351562,7.920000076293945,26680.869140625,3251.840087890625,10767.08984375,1467.949951171875
2020-07-21,97.0,2.3499999046325684,327.739990234375,241.75,44.779998779296875,9.239999771118164,1558.4200439453125,208.75,8.170000076293945,26840.400390625,3257.300048828125,10680.3603515625,1487.510009765625
2020-07-22,97.27249908447266,2.3499999046325684,328.29998779296875,239.8699951171875,45.58000183105469,9.279999732971191,1568.489990234375,211.75,8.199999809265137,27005.83984375,3276.02001953125,10706.1298828125,1490.1400146484375
2020-07-23,92.84500122070312,2.3499999046325684,326.1099853515625,232.60000610351562,45.459999084472656,9.390000343322754,1515.6800537109375,202.5399932861328,8.1899995803833,26652.330078125,3235.659912109375,10461.419921875,1490.199951171875
2020-07-24,92.61499786376953,2.3499999046325684,325.7799987792969,230.7100067138672,44.59000015258789,9.050000190734863,1511.8699951171875,201.3000030517578,8.210000038146973,26469.890625,3215.6298828125,10363.1796875,1467.550048828125
2020-07-27,94.80999755859375,2.3499999046325684,327.6000061035156,233.5,45.41999816894531,9.0600004196167,1530.199951171875,203.85000610351562,7.960000038146973,26584.76953125,3239.409912109375,10536.26953125,1484.6500244140625
2020-07-28,93.25250244140625,2.450000047683716,327.57000732421875,230.1199951171875,44.88999938964844,9.079999923706055,1500.3399658203125,202.02000427246094,8.0600004196167,26379.279296875,3218.43994140625,10402.08984375,1469.760009765625
2020-07-29,95.04000091552734,2.450000047683716,326.1400146484375,233.2899932861328,46.54999923706055,9.25,1522.02001953125,204.05999755859375,8.149999618530273,26539.5703125,3258.43994140625,10542.9404296875,1500.6300048828125
2020-07-30,96.19000244140625,2.309999942779541,324.82000732421875,234.5,44.09000015258789,9.390000343322754,1531.449951171875,203.89999389648438,8.149999618530273,26313.650390625,3246.219970703125,10587.8095703125,1495.0999755859375
2020-07-31,106.26000213623047,2.380000114440918,325.5299987792969,253.6699981689453,43.849998474121094,9.180000305175781,1482.9599609375,205.00999450683594,8.020000457763672,26428.3203125,3271.1201171875,10745.26953125,1480.4300537109375
2020-08-03,108.9375,2.380000114440918,329.32000732421875,251.9600067138672,44.70000076293945,10.0,1474.449951171875,216.5399932861328,8.199999809265137,26664.400390625,3294.610107421875,10902.7998046875,1506.800048828125
2020-08-04,109.66500091552734,2.380000114440918,339.7900085449219,249.8300018310547,44.2599983215332,11.5,1464.969970703125,213.2899932861328,8.050000190734863,26828.470703125,3306.510009765625,10941.169921875,1517.2099609375
2020-08-05,110.0625,2.3399999141693115,339.9700012207031,249.1199951171875,42.939998626708984,11.630000114440918,1473.6099853515625,212.94000244140625,8.399999618530273,27201.51953125,3327.77001953125,10998.400390625,1546.239990234375
2020-08-06,113.90249633789062,2.3399999141693115,343.30999755859375,265.2799987792969,43.29999923706055,11.960000038146973,1500.0999755859375,216.35000610351562,8.34000015258789,27386.98046875,3349.159912109375,11108.0703125,1544.6199951171875
2020-08-07,111.11250305175781,2.2899999618530273,340.9100036621094,268.44000244140625,42.93000030517578,12.350000381469727,1494.489990234375,212.47999572753906,9.760000228881836,27433.48046875,3351.280029296875,11010.98046875,1569.1800537109375
2020-08-10,112.72750091552734,2.380000114440918,340.0,263.0,42.65999984741211,11.75,1496.0999755859375,208.25,9.579999923706055,27791.439453125,3360.469970703125,10968.3603515625,1584.6700439453125
2020-08-11,109.375,2.4000000953674316,332.42999267578125,256.1300048828125,42.79999923706055,11.739999771118164,1480.3199462890625,203.3800048828125,9.75,27686.91015625,3333.68994140625,10782.8203125,1575.0999755859375
2020-08-12,113.01000213623047,2.4700000286102295,336.760009765625,259.8900146484375,43.400001525878906,11.359999656677246,1506.6199951171875,209.19000244140625,9.479999542236328,27976.83984375,3380.35009765625,11012.240234375,1583.25
2020-08-13,115.01000213623047,3.4000000953674316,335.70001220703125,261.29998779296875,43.150001525878906,11.470000267028809,1518.449951171875,208.6999969482422,9.510000228881836,27896.720703125,3373.429931640625,11042.5,1579.7900390625
2020-08-14,114.90750122070312,3.2100000381469727,336.2799987792969,261.239990234375,42.91999816894531,11.569999694824219,1507.72998046875,208.89999389648438,9.850000381469727,27931.01953125,3372.85009765625,11019.2998046875,1577.8800048828125
2020-08-17,114.60749816894531,3.0,339.9599914550781,261.1600036621094,43.40999984741211,11.90999984741211,1517.97998046875,210.27999877929688,9.649999618530273,27844.91015625,3381.989990234375,11129.73046875,1585.469970703125
2020-08-18,115.5625,3.0799999237060547,340.75,262.3399963378906,43.5099983215332,12.229999542236328,1558.5999755859375,211.49000549316406,9.460000038146973,27778.0703125,3389.780029296875,11210.83984375,1569.77001953125
2020-08-19,115.7074966430664,3.009999990463257,340.8999938964844,262.5899963378906,43.380001068115234,12.25,1547.530029296875,209.6999969482422,9.489999771118164,27692.880859375,3374.85009765625,11146.4599609375,1572.0699462890625
2020-08-20,118.2750015258789,3.0899999141693115,340.8699951171875,269.010009765625,43.349998474121094,12.15999984741211,1581.75,214.5800018310547,9.569999694824219,27739.73046875,3385.510009765625,11264.9501953125,1564.300048828125
2020-08-21,124.37000274658203,3.0799999237060547,344.6099853515625,267.010009765625,42.93000030517578,11.640000343322754,1580.4200439453125,213.02000427246094,9.4399995803833,27930.330078125,3397.159912109375,11311.7998046875,1552.47998046875
2020-08-24,125.85749816894531,2.9600000381469727,344.1300048828125,271.3900146484375,43.029998779296875,11.630000114440918,1588.199951171875,213.69000244140625,9.90999984741211,28308.4609375,3431.280029296875,11379.7197265625,1568.469970703125
2020-08-25,124.82499694824219,2.694999933242798,344.7099914550781,280.82000732421875,43.470001220703125,11.699999809265137,1608.219970703125,216.47000122070312,9.869999885559082,28248.439453125,3443.6201171875,11466.4697265625,1571.2099609375
2020-08-26,126.52249908447266,3.119999885559082,344.2699890136719,303.9100036621094,43.34000015258789,11.59000015258789,1652.3800048828125,221.14999389648438,9.760000228881836,28331.919921875,3478.72998046875,11665.0595703125,1560.18994140625
2020-08-27,125.01000213623047,2.924999952316284,346.3599853515625,293.2200012207031,42.900001525878906,11.65999984741211,1634.3299560546875,226.5800018310547,10.319999694824219,28492.26953125,3484.550048828125,11625.33984375,1564.56005859375
2020-08-28,124.80750274658203,2.809999942779541,348.3699951171875,293.6600036621094,42.25,11.930000305175781,1644.4100341796875,228.91000366210938,10.5,28653.869140625,3508.010009765625,11695.6298828125,1578.3399658203125
2020-08-31,129.0399932861328,2.865000009536743,347.6600036621094,293.20001220703125,42.380001068115234,11.699999809265137,1634.1800537109375,225.52999877929688,10.229999542236328,28430.05078125,3500.31005859375,11775.4599609375,1561.8800048828125
2020-09-01,134.17999267578125,2.9700000286102295,351.3800048828125,295.44000244140625,42.060001373291016,11.670000076293945,1660.7099609375,227.27000427246094,10.34000015258789,28645.66015625,3526.64990234375,11939.669921875,1578.5799560546875
2020-09-02,131.39999389648438,2.799999952316284,358.8599853515625,302.5,43.06999969482422,11.710000038146973,1728.280029296875,231.64999389648438,10.430000305175781,29100.5,3580.840087890625,12056.4404296875,1592.2900390625
2020-09-03,120.87999725341797,2.890000104904175,348.29998779296875,291.1199951171875,42.22999954223633,11.229999542236328,1641.8399658203125,217.3000030517578,10.520000457763672,28292.73046875,3455.06005859375,11458.099609375,1544.6800537109375
2020-09-04,120.95999908447266,2.890000104904175,346.57000732421875,282.7300109863281,42.099998474121094,11.75,1591.0400390625,214.25,10.5600004196167,28133.310546875,3426.9599609375,11313.1298828125,1535.300048828125
2020-09-08,112.81999969482422,2.759999990463257,338.8599853515625,271.1600036621094,41.459999084472656,10.949999809265137,1532.3900146484375,202.66000366210938,10.649999618530273,27500.890625,3331.840087890625,10847.6904296875,1504.5899658203125
2020-09-09,117.31999969482422,2.799999952316284,346.42999267578125,273.7200012207031,42.369998931884766,11.510000228881836,1556.9599609375,211.2899932861328,10.869999885559082,27940.470703125,3398.9599609375,11141.5595703125,1526.47998046875
2020-09-10,113.48999786376953,2.799999952316284,339.5299987792969,268.0899963378906,42.2599983215332,11.380000114440918,1532.02001953125,205.3699951171875,10.479999542236328,27534.580078125,3339.18994140625,10919.58984375,1507.75
2020-09-11,112.0,2.700000047683716,339.1300048828125,266.6099853515625,42.630001068115234,10.359999656677246,1520.719970703125,204.02999877929688,10.270000457763672,27665.640625,3340.969970703125,10853.5498046875,1497.27001953125
2020-09-14,115.36000061035156,2.684999942779541,342.9200134277344,266.1499938964844,42.70000076293945,10.020000457763672,1519.280029296875,205.41000366210938,10.970000267028809,27993.330078125,3383.5400390625,11056.650390625,1536.969970703125
2020-09-15,115.54000091552734,2.680000066757202,343.9100036621094,272.4200134277344,42.91999816894531,9.960000038146973,1541.43994140625,208.77999877929688,11.630000114440918,27995.599609375,3401.199951171875,11190.3203125,1538.1500244140625
2020-09-16,112.12999725341797,2.5399999618530273,343.7300109863281,263.5199890136719,42.400001525878906,10.220000267028809,1520.9000244140625,205.0500030517578,11.970000267028809,28032.380859375,3385.489990234375,11050.4697265625,1552.3299560546875
2020-09-17,110.33999633789062,2.509999990463257,338.8800048828125,254.82000732421875,42.9900016784668,10.220000267028809,1495.530029296875,202.91000366210938,12.140000343322754,27901.98046875,3357.010009765625,10910.2802734375,1542.5999755859375
2020-09-18,106.83999633789062,2.619999885559082,335.9599914550781,252.52999877929688,42.86000061035156,10.460000038146973,1459.989990234375,200.38999938964844,12.039999961853027,27657.419921875,3319.469970703125,10793.2802734375,1536.780029296875
2020-09-21,110.08000183105469,2.950000047683716,339.57000732421875,248.14999389648438,41.369998931884766,10.039999961853027,1431.1600341796875,202.5399932861328,11.359999656677246,27147.69921875,3281.06005859375,10778.7998046875,1485.25
2020-09-22,111.80999755859375,2.759999990463257,344.45001220703125,254.75,41.790000915527344,9.65999984741211,1465.4599609375,207.4199981689453,11.460000038146973,27288.1796875,3315.570068359375,10963.6396484375,1496.9599609375
2020-09-23,107.12000274658203,2.9600000381469727,344.6300048828125,249.02000427246094,41.45000076293945,9.680000305175781,1415.2099609375,200.58999633789062,10.979999542236328,26763.130859375,3236.919921875,10632.990234375,1451.4599609375
2020-09-24,108.22000122070312,2.990000009536743,347.0,249.52999877929688,41.56999969482422,9.399999618530273,1428.2900390625,203.19000244140625,10.479999542236328,26815.439453125,3246.590087890625,10672.26953125,1451.8199462890625
2020-09-25,112.27999877929688,3.0250000953674316,342.5799865722656,254.82000732421875,41.720001220703125,9.5600004196167,1444.9599609375,207.82000732421875,11.119999885559082,27173.9609375,3298.4599609375,10913.5595703125,1474.9100341796875
2020-09-28,114.95999908447266,3.0250000953674316,349.6199951171875,256.82000732421875,42.18000030517578,10.029999732971191,1464.52001953125,209.44000244140625,11.09000015258789,27584.060546875,3351.60009765625,11117.5302734375,1510.3399658203125
2020-09-29,114.08999633789062,2.869999885559082,352.1400146484375,261.7900085449219,42.43000030517578,9.90999984741211,1469.3299560546875,207.25999450683594,10.9399995803833,27452.66015625,3335.469970703125,11085.25,1504.72998046875
2020-09-30,115.80999755859375,2.880000114440918,355.0,261.8999938964844,42.47999954223633,9.829999923706055,1469.5999755859375,210.3300018310547,11.199999809265137,27781.69921875,3363.0,11167.509765625,1507.68994140625
2020-10-01,116.79000091552734,2.880000114440918,358.4599914550781,266.6300048828125,41.86000061035156,10.069999694824219,1490.0899658203125,212.4600067138672,11.09000015258789,27816.900390625,3380.800048828125,11326.509765625,1531.199951171875
